电影链接,排名,电影名,上映年份,制片国家,类型,评分,评论数量,引言
https://movie.douban.com/subject/1292052/,1,肖申克的救赎,1994,美国,犯罪 剧情,9.7,2184638,希望让人自由。
https://movie.douban.com/subject/1291546/,2,霸王别姬,1993,中国大陆 中国香港,剧情 爱情 同性,9.6,1620679,风华绝代。
https://movie.douban.com/subject/1292720/,3,阿甘正传,1994,美国,剧情 爱情,9.5,1648664,一部美国近现代史。
https://movie.douban.com/subject/1295644/,4,这个杀手不太冷,1994,法国 美国,剧情 动作 犯罪,9.4,1833382,怪蜀黍和小萝莉不得不说的故事。
https://movie.douban.com/subject/1292722/,5,泰坦尼克号,1997,美国,剧情 爱情 灾难,9.4,1603066,失去的才是永恒的。 
https://movie.douban.com/subject/1292063/,6,美丽人生,1997,意大利,剧情 喜剧 爱情 战争,9.5,1023246,最美的谎言。
https://movie.douban.com/subject/1291561/,7,千与千寻,2001,日本,剧情 动画 奇幻,9.4,1717080,最好的宫崎骏，最好的久石让。 
https://movie.douban.com/subject/1295124/,8,辛德勒的名单,1993,美国,剧情 历史 战争,9.5,841174,拯救一个人，就是拯救整个世界。
https://movie.douban.com/subject/3541415/,9,盗梦空间,2010,美国 英国,剧情 科幻 悬疑 冒险,9.3,1603142,诺兰给了我们一场无法盗取的梦。
https://movie.douban.com/subject/3011091/,10,忠犬八公的故事,2009,美国 英国,剧情,9.4,1093941,永远都不能忘记你所爱的人。
https://movie.douban.com/subject/1292001/,11,海上钢琴师,1998,意大利,剧情 音乐,9.3,1306237,每个人都要走一条自己坚定了的路，就算是粉身碎骨。 
https://movie.douban.com/subject/1889243/,12,星际穿越,2014,美国 英国 加拿大 冰岛,剧情 科幻 冒险,9.3,1275462,爱是一种力量，让我们超越时空感知它的存在。
https://movie.douban.com/subject/1292064/,13,楚门的世界,1998,美国,剧情 科幻,9.3,1189005,如果再也不能见到你，祝你早安，午安，晚安。
https://movie.douban.com/subject/3793023/,14,三傻大闹宝莱坞,2009,印度,剧情 喜剧 爱情 歌舞,9.2,1459038,英俊版憨豆，高情商版谢耳朵。
https://movie.douban.com/subject/2131459/,15,机器人总动员,2008,美国,科幻 动画 冒险,9.3,1029631,小瓦力，大人生。
https://movie.douban.com/subject/1291549/,16,放牛班的春天,2004,法国 瑞士 德国,剧情 音乐,9.3,1013466,天籁一般的童声，是最接近上帝的存在。 
https://movie.douban.com/subject/1292213/,17,大话西游之大圣娶亲,1995,中国香港 中国大陆,喜剧 爱情 奇幻 古装,9.2,1165968,一生所爱。
https://movie.douban.com/subject/5912992/,18,熔炉,2011,韩国,剧情,9.3,714562,我们一路奋战不是为了改变世界，而是为了不让世界改变我们。
https://movie.douban.com/subject/25662329/,19,疯狂动物城,2016,美国,喜剧 动画 冒险,9.2,1403975,迪士尼给我们营造的乌托邦就是这样，永远善良勇敢，永远出乎意料。
https://movie.douban.com/subject/1307914/,20,无间道,2002,中国香港,剧情 犯罪 悬疑,9.2,954549,香港电影史上永不过时的杰作。
https://movie.douban.com/subject/1291841/,21,教父,1972,美国,剧情 犯罪,9.3,714493,千万不要记恨你的对手，这样会让你失去理智。
https://movie.douban.com/subject/1291560/,22,龙猫,1988,日本,动画 奇幻 冒险,9.2,975709,人人心中都有个龙猫，童年就永远不会消失。
https://movie.douban.com/subject/1849031/,23,当幸福来敲门,2006,美国,剧情 传记 家庭,9.1,1175194,平民励志片。 
https://movie.douban.com/subject/3319755/,24,怦然心动,2010,美国,剧情 喜剧 爱情,9.1,1369414,真正的幸福是来自内心深处。
https://movie.douban.com/subject/6786002/,25,触不可及,2011,法国,剧情 喜剧,9.2,761063,满满温情的高雅喜剧。
https://movie.douban.com/subject/1296141/,26,控方证人,1957,美国,剧情 犯罪 悬疑,9.6,322504,比利·怀德满分作品。
https://movie.douban.com/subject/1851857/,27,蝙蝠侠：黑暗骑士,2008,美国 英国,剧情 动作 科幻 犯罪 惊悚,9.2,795469,无尽的黑暗。
https://movie.douban.com/subject/1292365/,28,活着,1994,中国大陆 中国香港,剧情 历史 家庭,9.3,617281,张艺谋最好的电影。
https://movie.douban.com/subject/1293172/,29,末代皇帝,1987,英国 意大利 中国大陆 法国,剧情 传记 历史,9.3,584899,“不要跟我比惨，我比你更惨”再适合这部电影不过了。
https://movie.douban.com/subject/20495023/,30,寻梦环游记,2017,美国,喜剧 动画 奇幻 音乐,9.1,1183148,死亡不是真的逝去，遗忘才是永恒的消亡。
https://movie.douban.com/subject/1300267/,31,乱世佳人,1939,美国,剧情 历史 爱情 战争,9.3,524902,Tomorrow is another day.
https://movie.douban.com/subject/30170448/,32,何以为家,2018,黎巴嫩 法国 美国,剧情,9.1,744774,凝视卑弱生命，用电影改变命运。
https://movie.douban.com/subject/1291552/,33,指环王3：王者无敌,2003,美国 新西兰,剧情 动作 奇幻 冒险,9.2,579402,史诗的终章。
https://movie.douban.com/subject/26387939/,34,摔跤吧！爸爸,2016,印度,剧情 传记 运动 家庭,9.0,1202404,你不是在为你一个人战斗，你要让千千万万的女性看到女生并不是只能相夫教子。
https://movie.douban.com/subject/2129039/,35,飞屋环游记,2009,美国,剧情 喜剧 动画 冒险,9.0,1021018,最后那些最无聊的事情，才是最值得怀念的。 
https://movie.douban.com/subject/1929463/,36,少年派的奇幻漂流,2012,美国 中国台湾 英国 加拿大,剧情 奇幻 冒险,9.1,1083561,瑰丽壮观、无人能及的冒险之旅。
https://movie.douban.com/subject/1293182/,37,十二怒汉,1957,美国,剧情,9.4,350976,1957年的理想主义。 
https://movie.douban.com/subject/1295038/,38,哈利·波特与魔法石,2001,美国 英国,奇幻 冒险,9.1,784209,童话世界的开端。
https://movie.douban.com/subject/21937452/,39,素媛,2013,韩国,剧情,9.3,486662,受过伤害的人总是笑得最开心，因为他们不愿意让身边的人承受一样的痛苦。
https://movie.douban.com/subject/1291858/,40,鬼子来了,2000,中国大陆,剧情 喜剧,9.3,471837,对敌人的仁慈，就是对自己残忍。
https://movie.douban.com/subject/1308807/,41,哈尔的移动城堡,2004,日本,动画 奇幻 冒险,9.1,751832,带着心爱的人在天空飞翔。
https://movie.douban.com/subject/1291583/,42,天空之城,1986,日本,动画 奇幻 冒险,9.1,644734,对天空的追逐，永不停止。 
https://movie.douban.com/subject/1299398/,43,大话西游之月光宝盒,1995,中国香港 中国大陆,喜剧 爱情 奇幻 古装,9.0,929820,旷古烁今。
https://movie.douban.com/subject/26752088/,44,我不是药神,2018,中国大陆,剧情 喜剧,9.0,1600140,对我们国家而言，这样的电影多一部是一部。
https://movie.douban.com/subject/1293839/,45,罗马假日,1953,美国,喜剧 剧情 爱情,9.0,745080,爱情哪怕只有一天。
https://movie.douban.com/subject/1298624/,46,闻香识女人,1992,美国,剧情,9.1,651936,史上最美的探戈。
https://movie.douban.com/subject/1291828/,47,天堂电影院,1988,意大利 法国,剧情 爱情,9.2,497581,那些吻戏，那些青春，都在影院的黑暗里被泪水冲刷得无比清晰。
https://movie.douban.com/subject/21937445/,48,辩护人,2013,韩国,剧情,9.2,467209,电影的现实意义大过电影本身。
https://movie.douban.com/subject/1292000/,49,搏击俱乐部,1999,美国 德国,剧情 动作 悬疑 惊悚,9.0,664127,邪恶与平庸蛰伏于同一个母体，在特定的时间互相对峙。
https://movie.douban.com/subject/1418019/,50,大闹天宫,1961(中国大陆),1964(中国大陆),1978(中国大陆),9.3,305431,经典之作，历久弥新。
https://movie.douban.com/subject/1305487/,51,猫鼠游戏,2002,美国 加拿大,传记 犯罪 剧情,9.0,644071,骗子大师和执著警探的你追我跑故事。 
https://movie.douban.com/subject/1299131/,52,教父2,1974,美国,剧情 犯罪,9.2,398719,优雅的孤独。
https://movie.douban.com/subject/1301753/,53,狮子王,1994,美国,动画 冒险 歌舞,9.0,622324,动物版《哈姆雷特》。
https://movie.douban.com/subject/1291548/,54,死亡诗社,1989,美国,剧情,9.1,530138,当一个死水般的体制内出现一个活跃的变数时，所有的腐臭都站在了光明的对面。
https://movie.douban.com/subject/1291572/,55,指环王2：双塔奇兵,2002,美国 新西兰,剧情 动作 奇幻 冒险,9.1,527905,承前启后的史诗篇章。
https://movie.douban.com/subject/1296736/,56,钢琴家,2002,法国 德国 英国 波兰,剧情 传记 历史 战争 音乐,9.2,407135,音乐能化解仇恨。
https://movie.douban.com/subject/1291843/,57,黑客帝国,1999,美国 澳大利亚,动作 科幻,9.0,601970,视觉革命。
https://movie.douban.com/subject/1291571/,58,指环王1：魔戒再现,2001,新西兰 美国,剧情 动作 奇幻 冒险,9.0,593222,传说的开始。
https://movie.douban.com/subject/1900841/,59,窃听风暴,2006,德国,剧情 悬疑,9.1,433490,别样人生。
https://movie.douban.com/subject/1291818/,60,饮食男女,1994,中国台湾 美国,剧情 家庭,9.1,440067,人生不能像做菜，把所有的料都准备好了才下锅。
https://movie.douban.com/subject/1306029/,61,美丽心灵,2001,美国,传记 剧情,9.0,577687,爱是一切逻辑和原由。
https://movie.douban.com/subject/1293350/,62,两杆大烟枪,1998,英国,剧情 喜剧 犯罪,9.1,465570,4个臭皮匠顶个诸葛亮，盖·里奇果然不是盖的。
https://movie.douban.com/subject/3742360/,63,让子弹飞,2010,中国大陆 中国香港,剧情 喜剧 动作 西部,8.8,1229842,你给我翻译翻译，神马叫做TMD的惊喜。
https://movie.douban.com/subject/27060077/,64,绿皮书,2018,美国,剧情 喜剧 传记,8.9,1174227,去除成见，需要勇气。
https://movie.douban.com/subject/1485260/,65,本杰明·巴顿奇事,2008,美国,剧情 爱情 奇幻,8.9,750068,在时间之河里感受溺水之苦。
https://movie.douban.com/subject/1292224/,66,飞越疯人院,1975,美国,剧情,9.1,450547,自由万岁。
https://movie.douban.com/subject/26580232/,67,看不见的客人,2016,西班牙,剧情 犯罪 悬疑 惊悚,8.8,906952,你以为你以为的就是你以为的。
https://movie.douban.com/subject/25958717/,68,海蒂和爷爷,2015,德国 瑞士 南非,剧情 冒险 家庭,9.2,320986,如果生活中有什么使你感到快乐，那就去做吧！不要管别人说什么。
https://movie.douban.com/subject/1292402/,69,西西里的美丽传说,2000,意大利 美国,剧情 战争 情色,8.9,744832,美丽无罪。
https://movie.douban.com/subject/1292849/,70,拯救大兵瑞恩,1998,美国,剧情 历史 战争,9.0,492465,美利坚精神输出大片No1.
https://movie.douban.com/subject/1303021/,71,小鞋子,1997,伊朗,剧情 儿童 家庭,9.2,307733,奔跑的孩子是天使。
https://movie.douban.com/subject/3008247/,72,穿条纹睡衣的男孩,2008,英国 美国,剧情 战争,9.1,383062,尽管有些不切实际的幻想，这部电影依旧是一部感人肺腑的佳作。
https://movie.douban.com/subject/1292220/,73,情书,1995,日本,剧情 爱情,8.9,688074,暗恋的极致。
https://movie.douban.com/subject/1294408/,74,音乐之声,1965,美国,剧情 传记 爱情 歌舞,9.0,455146,用音乐化解仇恨，让歌声串起美好。
https://movie.douban.com/subject/3442220/,75,海豚湾,2009,美国,纪录片,9.3,296805,海豚的微笑，是世界上最高明的伪装。
https://movie.douban.com/subject/1292262/,76,美国往事,1984,美国 意大利,犯罪 剧情,9.2,319221,往事如烟，无处祭奠。
https://movie.douban.com/subject/1780330/,77,致命魔术,2006,英国 美国,剧情 悬疑 惊悚,8.9,657261,孪生蝙蝠侠大战克隆金刚狼。
https://movie.douban.com/subject/1291832/,78,低俗小说,1994,美国,剧情 喜剧 犯罪,8.9,634699,故事的高级讲法。
https://movie.douban.com/subject/1293544/,79,沉默的羔羊,1991,美国,剧情 犯罪 惊悚,8.8,645879,安东尼·霍普金斯的顶级表演。
https://movie.douban.com/subject/1292343/,80,蝴蝶效应,2004,美国 加拿大,剧情 悬疑 科幻 惊悚,8.8,711192,人的命运被自己瞬间的抉择改变。
https://movie.douban.com/subject/2334904/,81,禁闭岛,2010,美国,剧情 悬疑 惊悚,8.8,717981,昔日翩翩少年，今日大腹便便。
https://movie.douban.com/subject/1292223/,82,七宗罪,1995,美国,剧情 犯罪 悬疑 惊悚,8.8,743201,警察抓小偷，老鼠玩死猫。
https://movie.douban.com/subject/1292656/,83,心灵捕手,1997,美国,剧情,8.9,534463,人生中应该拥有这样的一段豁然开朗。
https://movie.douban.com/subject/11525673/,84,布达佩斯大饭店,2014,美国 德国 英国,剧情 喜剧 冒险,8.8,674828,小清新的故事里注入了大历史的情怀。
https://movie.douban.com/subject/1292679/,85,春光乍泄,1997,中国香港 日本 韩国,剧情 爱情 同性,8.9,477169,爱情纠缠，男女一致。
https://movie.douban.com/subject/1787291/,86,被嫌弃的松子的一生,2006,日本,剧情 歌舞,8.9,566389,以戏谑来戏谑戏谑。
https://movie.douban.com/subject/1294371/,87,摩登时代,1936,美国,剧情 喜剧 爱情,9.3,216016,大时代中的人生，小人物的悲喜。
https://movie.douban.com/subject/1652587/,88,阿凡达,2009,美国 英国,动作 科幻 冒险,8.7,1005778,绝对意义上的美轮美奂。
https://movie.douban.com/subject/3011235/,89,哈利·波特与死亡圣器(下),2011,美国 英国,奇幻 冒险,8.9,583405,10年的完美句点。
https://movie.douban.com/subject/1292370/,90,剪刀手爱德华,1990,美国,剧情 奇幻 爱情,8.7,847598,浪漫忧郁的成人童话。
https://movie.douban.com/subject/1302425/,91,喜剧之王,1999,中国香港,喜剧 剧情 爱情,8.8,721188,我是一个演员。
https://movie.douban.com/subject/1294639/,92,勇敢的心,1995,美国,动作 传记 剧情 历史 战争,8.9,465527,史诗大片的典范。
https://movie.douban.com/subject/1297192/,93,致命ID,2003,美国,剧情 悬疑 惊悚,8.8,606036,最不可能的那个人永远是最可能的。
https://movie.douban.com/subject/1298070/,94,加勒比海盗,2003,美国,动作 冒险 奇幻,8.8,670918,约翰尼·德普的独角戏。
https://movie.douban.com/subject/1300299/,95,杀人回忆,2003,韩国,剧情 动作 犯罪 悬疑 惊悚,8.8,508770,关于连环杀人悬案的集体回忆。
https://movie.douban.com/subject/1292215/,96,天使爱美丽,2001,法国 德国,喜剧 爱情,8.7,805010,法式小清新。 
https://movie.douban.com/subject/6985810/,97,狩猎,2012,丹麦 瑞典,剧情,9.1,277572,人言可畏。
https://movie.douban.com/subject/1418834/,98,断背山,2005,美国 加拿大,剧情 爱情 同性 家庭,8.8,563977,每个人心中都有一座断背山。
https://movie.douban.com/subject/26799731/,99,请以你的名字呼唤我,2017,意大利 法国 巴西 美国 荷兰 德国,剧情 爱情 同性,8.9,497761,沉醉在电影的情感和视听氛围中无法自拔。
https://movie.douban.com/subject/10777687/,100,7号房的礼物,2013,韩国,剧情 喜剧 家庭,8.9,406035,《我是山姆》的《美丽人生》。
https://movie.douban.com/subject/1865703/,101,红辣椒,2006,日本,动画 悬疑 科幻 惊悚,9.0,311934,梦的勾结。
https://movie.douban.com/subject/1297359/,102,幽灵公主,1997,日本,动画 奇幻 冒险,8.9,415390,人与自然的战争史诗。
https://movie.douban.com/subject/25814705/,103,小森林 夏秋篇,2014,日本,剧情,9.0,321970,那些静得只能听见呼吸的日子里，你明白孤独即生活。
https://movie.douban.com/subject/1291875/,104,阳光灿烂的日子,1994,中国大陆 中国香港,剧情 爱情,8.8,478961,一场华丽的意淫。
https://movie.douban.com/subject/1297630/,105,第六感,1999,美国,剧情 悬疑 惊悚,8.9,418190,深入内心的恐怖，出人意料的结局。
https://movie.douban.com/subject/1291999/,106,重庆森林,1994,中国香港,剧情 爱情,8.7,605467,寂寞没有期限。
https://movie.douban.com/subject/2149806/,107,入殓师,2008,日本,剧情,8.8,464087,死可能是一道门，逝去并不是终结，而是超越，走向下一程。
https://movie.douban.com/subject/25814707/,108,小森林 冬春篇,2015,日本,剧情,9.0,285948,尊敬他人，尊敬你生活的这片土地，明白孤独是人生的常态。
https://movie.douban.com/subject/21318488/,109,消失的爱人,2014,美国,剧情 犯罪 悬疑 惊悚,8.7,685595,年度最佳date movie。
https://movie.douban.com/subject/1296339/,110,爱在黎明破晓前,1995,美国 奥地利 瑞士,剧情 爱情,8.8,460607,缘分是个连绵词，最美不过一瞬。
https://movie.douban.com/subject/1306249/,111,唐伯虎点秋香,1993,中国香港,喜剧 爱情 古装,8.6,787305,华太师是黄霑，吴镇宇四大才子之一。
https://movie.douban.com/subject/1292434/,112,一一,2000,中国台湾 日本,剧情 爱情 家庭,9.0,270795,我们都曾经是一一。
https://movie.douban.com/subject/3395373/,113,蝙蝠侠：黑暗骑士崛起,2012,美国 英国,剧情 动作 科幻 犯罪 惊悚,8.8,547966,诺兰就是保证。
https://movie.douban.com/subject/1293359/,114,菊次郎的夏天,1999,日本,剧情 喜剧,8.8,425144,从没见过那么流氓的温柔，从没见过那么温柔的流氓。
https://movie.douban.com/subject/5322596/,115,超脱,2011,美国,剧情,8.9,358920,穷尽一生，我们要学会的，不过是彼此拥抱。
https://movie.douban.com/subject/1297052/,116,侧耳倾听,1995,日本,剧情 爱情 动画,8.9,351174,少女情怀总是诗。
https://movie.douban.com/subject/1297447/,117,倩女幽魂,1987,中国香港,爱情 奇幻 武侠 古装,8.7,554712,两张绝世的脸。 
https://movie.douban.com/subject/1292337/,118,无人知晓,2004,日本,剧情,9.1,214343,我的平常生活就是他人的幸福。
https://movie.douban.com/subject/11026735/,119,超能陆战队,2014,美国,喜剧 动作 科幻 动画 冒险,8.7,761206,Balalala~~~
https://movie.douban.com/subject/3072124/,120,玛丽和马克思,2009,澳大利亚,剧情 喜剧 动画,8.9,347586,你是我最好的朋友，你是我唯一的朋友 。
https://movie.douban.com/subject/1305164/,121,甜蜜蜜,1996,中国香港,剧情 爱情,8.8,396440,相逢只要一瞬间，等待却像是一辈子。
https://movie.douban.com/subject/5989818/,122,萤火之森,2011,日本,剧情 爱情 动画 奇幻,8.9,384881,触不到的恋人。
https://movie.douban.com/subject/4202302/,123,借东西的小人阿莉埃蒂,2010,日本,动画 奇幻 冒险,8.8,414662,曾经的那段美好会沉淀为一辈子的记忆。
https://movie.douban.com/subject/4268598/,124,告白,2010,日本,剧情 惊悚,8.7,558108,没有一人完全善，也没有一人完全恶。
https://movie.douban.com/subject/2353023/,125,驯龙高手,2010,美国,动画 奇幻 冒险,8.7,583092,和谐的生活离不开摸头与被摸头。
https://movie.douban.com/subject/1291545/,126,大鱼,2003,美国,剧情 家庭 奇幻 冒险,8.8,444380,抱着梦想而活着的人是幸福的，怀抱梦想而死去的人是不朽的。
https://movie.douban.com/subject/4917726/,127,阳光姐妹淘,2011,韩国,剧情 喜剧,8.8,480039,再多各自牛逼的时光，也比不上一起傻逼的岁月。 
https://movie.douban.com/subject/1291990/,128,爱在日落黄昏时,2004,美国 法国,剧情 爱情,8.8,387315,九年后的重逢是世俗和责任的交叠，没了悸动和青涩，沧桑而温暖。
https://movie.douban.com/subject/1291543/,129,功夫,2004,中国大陆 中国香港,动作 喜剧 犯罪 奇幻,8.6,744582,警恶惩奸，维护世界和平这个任务就交给你了，好吗？
https://movie.douban.com/subject/1292274/,130,幸福终点站,2004,美国,喜剧 剧情 爱情,8.8,415330,有时候幸福需要等一等。 
https://movie.douban.com/subject/1316510/,131,射雕英雄传之东成西就,1993,中国香港,喜剧 奇幻 武侠 古装,8.7,497025,百看不厌。 
https://movie.douban.com/subject/26874505/,132,人生果实,2017,日本,纪录片,9.5,114051,土壤没有落叶不会肥沃，没有了你就不算人生。
https://movie.douban.com/subject/1300992/,133,完美的世界,1993,美国,剧情 犯罪,9.1,202871,坏人的好总是比好人的好来得更感人。
https://movie.douban.com/subject/21360417/,134,恐怖直播,2013,韩国,剧情 犯罪 悬疑,8.8,489069,恐怖分子的“秋菊打官司”。
https://movie.douban.com/subject/1291579/,135,怪兽电力公司,2001,美国,儿童 喜剧 动画 奇幻 冒险,8.7,494638,不要给它起名字，起了名字就有感情了。
https://movie.douban.com/subject/3287562/,136,神偷奶爸,2010,美国 法国,喜剧 动画 冒险,8.6,747619,Mr. I Don't Care其实也有Care的时候。
https://movie.douban.com/subject/1428581/,137,天书奇谭,1983(中国大陆),中国大陆,动画 奇幻,9.2,167410,传奇的年代，醉人的童话。
https://movie.douban.com/subject/1291544/,138,哈利·波特与阿兹卡班的囚徒,2004,英国 美国,奇幻 冒险,8.7,450163,不一样的导演，不一样的哈利·波特。
https://movie.douban.com/subject/1858711/,139,玩具总动员3,2010,美国,喜剧 动画 奇幻 冒险,8.8,383203,跨度十五年的欢乐与泪水。
https://movie.douban.com/subject/1418200/,140,傲慢与偏见,2005,法国 英国 美国,剧情 爱情,8.6,588402,爱是摈弃傲慢与偏见之后的曙光。
https://movie.douban.com/subject/26325320/,141,血战钢锯岭,2016,美国 澳大利亚,剧情 传记 历史 战争,8.7,616078,优秀的战争片不会美化战场，不会粉饰死亡，不会矮化敌人，不会无视常识，最重要的，不会宣扬战争。
https://movie.douban.com/subject/1294240/,142,教父3,1990,美国,剧情 犯罪,8.9,265651,任何信念的力量，都无法改变命运。
https://movie.douban.com/subject/10577869/,143,时空恋旅人,2013,英国,喜剧 爱情 奇幻,8.7,426669,把每天当作最后一天般珍惜度过，积极拥抱生活，就是幸福。
https://movie.douban.com/subject/25986180/,144,釜山行,2016,韩国,动作 惊悚 灾难,8.5,882672,揭露人性的丧尸题材力作。
https://movie.douban.com/subject/1307315/,145,哪吒闹海,1979,中国大陆,冒险 动画 奇幻,9.1,189842,想你时你在闹海。
https://movie.douban.com/subject/1291585/,146,风之谷,1984,日本,动画 奇幻 冒险,8.9,292696,动画片的圣经。
https://movie.douban.com/subject/6307447/,147,被解救的姜戈,2012,美国,剧情 动作 西部 冒险,8.7,463251,热血沸腾，那个低俗、性感的无耻混蛋又来了。
https://movie.douban.com/subject/1417598/,148,电锯惊魂,2004,美国,悬疑 惊悚 恐怖,8.7,388414,真相就在眼前。
https://movie.douban.com/subject/1296996/,149,哈利·波特与密室,2002,美国 英国 德国,奇幻 冒险,8.7,472007,魔法的密室之门已打开...
https://movie.douban.com/subject/1303037/,150,喜宴,1993,中国台湾 美国,剧情 喜剧 爱情 同性 家庭,8.9,256655,中国家庭的喜怒哀乐忍。
https://movie.douban.com/subject/1295399/,151,七武士,1954,日本,动作 冒险 剧情,9.3,143847,时代悲歌。
https://movie.douban.com/subject/1292208/,152,上帝之城,2002,巴西 法国,犯罪 剧情,8.9,240587,被上帝抛弃了的上帝之城。
https://movie.douban.com/subject/4920389/,153,头号玩家,2018,美国,动作 科幻 冒险,8.7,1073048,写给影迷，动漫迷和游戏迷的一封情书。
https://movie.douban.com/subject/1306861/,154,我是山姆,2001,美国,剧情 家庭,8.9,234833,爱并不需要智商 。
https://movie.douban.com/subject/1297574/,155,英雄本色,1986,中国香港,剧情 动作 犯罪,8.7,387768,英雄泪短，兄弟情长。 
https://movie.douban.com/subject/1578507/,156,谍影重重3,2007,美国 德国,动作 悬疑 惊悚,8.8,328444,像吃了苏打饼一样干脆的电影。
https://movie.douban.com/subject/26628357/,157,一个叫欧维的男人决定去死,2015,瑞典,剧情,8.9,301808,惠及一生的美丽。
https://movie.douban.com/subject/3792799/,158,岁月神偷,2010,中国香港 中国大陆,剧情 家庭,8.7,478788,岁月流逝，来日可追。
https://movie.douban.com/subject/1295409/,159,纵横四海,1991,中国香港,剧情 喜剧 动作 犯罪,8.8,310124,香港浪漫主义警匪动作片的巅峰之作。
https://movie.douban.com/subject/26611804/,160,三块广告牌,2017,美国 英国,剧情 犯罪,8.7,639314,怼天怼地，你走后，她与世界为敌。
https://movie.douban.com/subject/1793929/,161,达拉斯买家俱乐部,2013,美国,剧情 传记 同性,8.8,344927,Jared Leto的腿比女人还美！
https://movie.douban.com/subject/1907966/,162,疯狂原始人,2013,美国,喜剧 动画 冒险,8.7,653610,老少皆宜，这就是好莱坞动画的魅力。
https://movie.douban.com/subject/25917973/,163,心迷宫,2014,中国大陆,剧情 犯罪 悬疑,8.7,376642,荒诞讽刺，千奇百巧，抽丝剥茧，百转千回。
https://movie.douban.com/subject/1291822/,164,卢旺达饭店,2004,英国 南非 意大利,剧情 传记 历史 战争,8.9,230132,当这个世界闭上双眼，他却敞开了怀抱。
https://movie.douban.com/subject/1304447/,165,记忆碎片,2000,美国,犯罪 剧情 悬疑 惊悚,8.6,476052,一个针管引发的血案。
https://movie.douban.com/subject/1291557/,166,花样年华,2000,中国香港,剧情 爱情,8.7,437723,偷情本没有这样美。
https://movie.douban.com/subject/1395091/,167,未麻的部屋,1997,日本,动画 奇幻 惊悚,9.0,211052,好的剧本是，就算你猜到了结局也猜不到全部。
https://movie.douban.com/subject/26683290/,168,你的名字。,2016,日本,剧情 爱情 动画,8.4,1055844,穿越错位的时空，仰望陨落的星辰，你没留下你的名字，我却无法忘记那句“我爱你”。
https://movie.douban.com/subject/24750126/,169,荒蛮故事,2014,阿根廷 西班牙,剧情 喜剧 犯罪,8.8,323110,始于荒诞，止于更荒诞。
https://movie.douban.com/subject/1302467/,170,黑客帝国3：矩阵革命,2003,美国 澳大利亚,动作 科幻,8.8,322942,不得不说，《黑客帝国》系列是商业片与科幻、哲学完美结合的典范。
https://movie.douban.com/subject/10463953/,171,模仿游戏,2014,英国 美国,剧情 传记 战争 同性,8.7,465610,他给机器起名“克里斯托弗”，因为这是他初恋的名字。
https://movie.douban.com/subject/1293318/,172,萤火虫之墓,1988,日本,动画 剧情 战争,8.7,335422,幸福是生生不息，却难以触及的远。 
https://movie.douban.com/subject/25773932/,173,爆裂鼓手,2014,美国,剧情 音乐,8.7,428830,这个世界从不善待努力的人，努力了也不一定会成功，但是知道自己在努力，就是活下去的动力。
https://movie.douban.com/subject/2209573/,174,贫民窟的百万富翁,2008,英国,剧情 爱情,8.6,595525,上帝之城+猜火车+阿甘正传+开心辞典=山寨富翁
https://movie.douban.com/subject/10437779/,175,新世界,2013,韩国,剧情 犯罪,8.8,264127,要做就做得狠一点，这样才能活下去。
https://movie.douban.com/subject/1292328/,176,东邪西毒,1994,中国香港 中国台湾,剧情 动作 爱情 武侠 古装,8.6,458957,电影诗。
https://movie.douban.com/subject/1292401/,177,真爱至上,2003,英国 美国 法国,喜剧 剧情 爱情,8.6,548939,爱，是个动词。
https://movie.douban.com/subject/1959195/,178,忠犬八公物语,1987,日本,剧情,9.2,142641,养狗三日，便会对你终其一生。
https://movie.douban.com/subject/1978709/,179,黑天鹅,2010,美国,剧情 惊悚,8.6,658532,黑暗之美。
https://movie.douban.com/subject/10533913/,180,头脑特工队,2015,美国,喜剧 动画 冒险,8.7,443667,愿我们都不用长大，每一座城堡都能永远存在。
https://movie.douban.com/subject/25895901/,181,海街日记,2015,日本,剧情 家庭,8.8,308968,是枝裕和的家庭习作。
https://movie.douban.com/subject/4848115/,182,你看起来好像很好吃,2010,日本,剧情 动画 儿童,8.9,261401,感情不分食草或者食肉。
https://movie.douban.com/subject/6534248/,183,无敌破坏王,2012,美国,喜剧 动画 奇幻 冒险,8.7,406072,迪士尼和皮克斯拿错剧本的产物。
https://movie.douban.com/subject/1293181/,184,惊魂记,1960,美国,悬疑 惊悚 恐怖,9.0,185228,故事的反转与反转，分裂电影的始祖。
https://movie.douban.com/subject/1291870/,185,雨人,1988,美国,剧情,8.7,322948,生活在自己的世界里，也可以让周围的人显得可笑和渺小。
https://movie.douban.com/subject/1291578/,186,冰川时代,2002,美国,喜剧 动画 冒险,8.6,483143,松鼠才是角儿。
https://movie.douban.com/subject/1309163/,187,恋恋笔记本,2004,美国,剧情 爱情,8.5,505832,爱情没有那么多借口，如果不能圆满，只能说明爱的不够。 
https://movie.douban.com/subject/27622447/,188,小偷家族,2018,日本,剧情 犯罪 家庭,8.7,630333,我们组成了家。
https://movie.douban.com/subject/1300374/,189,绿里奇迹,1999,美国,犯罪 剧情 奇幻 悬疑,8.9,221417,天使暂时离开。
https://movie.douban.com/subject/26430107/,190,二十二,2015,中国大陆,纪录片,8.7,226701,有一些东西不应该被遗忘。
https://movie.douban.com/subject/3011051/,191,恐怖游轮,2009,英国 澳大利亚,剧情 悬疑 惊悚,8.5,606871,不要企图在重复中寻找已经失去的爱。
https://movie.douban.com/subject/26787574/,192,奇迹男孩,2017,美国 中国香港,剧情 儿童 家庭,8.6,442235,世界不完美，爱会有奇迹。
https://movie.douban.com/subject/1862151/,193,疯狂的石头,2006,中国大陆 中国香港,喜剧 犯罪,8.5,613855,中国版《两杆大烟枪》。
https://movie.douban.com/subject/10808442/,194,爱在午夜降临前,2013,美国 希腊,剧情 爱情,8.8,255700,所谓爱情，就是话唠一路，都不会心生腻烦，彼此嫌弃。
https://movie.douban.com/subject/25980443/,195,海边的曼彻斯特,2016,美国,剧情 家庭,8.6,372569,我们都有权利不与自己的过去和解。
https://movie.douban.com/subject/1307811/,196,魔女宅急便,1989,日本,动画 奇幻 冒险,8.6,354717,宫崎骏的电影总让人感觉世界是美好的，阳光明媚的。
https://movie.douban.com/subject/25724855/,197,房间,2015,爱尔兰 加拿大 英国 美国,剧情 家庭,8.8,304927,被偷走的岁月，被伤害的生命，被禁锢的灵魂，终将被希望和善意救赎。
https://movie.douban.com/subject/1293460/,198,雨中曲,1952,美国,喜剧 歌舞 爱情,9.0,158118,骨灰级歌舞片。
https://movie.douban.com/subject/1296909/,199,虎口脱险,1966,法国 英国,喜剧 战争,8.9,181586,永远看不腻的喜剧。
https://movie.douban.com/subject/1302827/,200,人工智能,2001,美国,剧情 科幻,8.7,336373,对爱的执着，可以超越一切。
https://movie.douban.com/subject/1291879/,201,罗生门,1950,日本,剧情 犯罪 悬疑,8.8,233807,人生的N种可能性。
https://movie.douban.com/subject/1291844/,202,终结者2：审判日,1991,美国 法国,动作 科幻,8.7,268970,少见的超越首部的续集，动作片中的经典。
https://movie.douban.com/subject/1308857/,203,可可西里,2004,中国大陆 中国香港,剧情 犯罪,8.8,225563,坚硬的信仰。
https://movie.douban.com/subject/1309055/,204,哈利·波特与火焰杯,2005,英国 美国,悬疑 奇幻 冒险,8.6,403929,
https://movie.douban.com/subject/4739952/,205,初恋这件小事,2010,泰国,剧情 喜剧 爱情,8.4,800187,黑小鸭速效美白记。
https://movie.douban.com/subject/1292226/,206,2001太空漫游,1968,英国 美国,科幻 惊悚 冒险,8.8,219517,现代科幻电影的开山之作，最伟大导演的最伟大影片。
https://movie.douban.com/subject/1293908/,207,城市之光,1931,美国,喜剧 剧情 爱情,9.3,99210,永远的小人物，伟大的卓别林。
https://movie.douban.com/subject/1828115/,208,色，戒,2007,中国台湾 中国大陆 美国 中国香港,剧情 爱情 情色,8.5,526790,假戏真情，爱欲深海
https://movie.douban.com/subject/1293964/,209,魂断蓝桥,1940,美国,剧情 爱情 战争,8.8,212899,中国式内在的美国电影。
https://movie.douban.com/subject/1297518/,210,九品芝麻官,1994,中国香港,剧情 喜剧 古装,8.5,433840,
https://movie.douban.com/subject/1292329/,211,牯岭街少年杀人事件,1991,中国台湾,剧情 犯罪,8.8,197867,弱者送给弱者的一刀。
https://movie.douban.com/subject/3443389/,212,海洋,2009,法国 瑞士 西班牙 美国 阿联酋,纪录片,9.1,134457,大海啊，不全是水。
https://movie.douban.com/subject/1295865/,213,燃情岁月,1994,美国,剧情 爱情 战争 西部,8.8,226449,传奇，不是每个人都可以拥有。
https://movie.douban.com/subject/1867345/,214,遗愿清单,2007,美国,冒险 喜剧 剧情,8.6,295283,用剩余不多的时间，去燃烧整个生命。
https://movie.douban.com/subject/1292287/,215,新龙门客栈,1992,中国香港 中国大陆,动作 爱情 武侠 古装,8.6,338601,嬉笑怒骂，调风动月。
https://movie.douban.com/subject/3075287/,216,源代码,2011,美国 加拿大,科幻 悬疑 惊悚,8.5,637994,邓肯·琼斯继《月球》之后再度奉献出一部精彩绝伦的科幻佳作。
https://movie.douban.com/subject/1303394/,217,青蛇,1993,中国香港 中国大陆,剧情 爱情 奇幻 古装,8.6,393464,人生如此，浮生如斯。谁人言，花彼岸，此生情长意短。谁都是不懂爱的罢了。
https://movie.douban.com/subject/27059130/,218,大佛普拉斯,2017,中国台湾,剧情 喜剧,8.7,301719,人们可以登上月球，却永远无法探索人们内心的宇宙。
https://movie.douban.com/subject/1438652/,219,无耻混蛋,2009,德国 美国,剧情 犯罪,8.6,370572,昆汀同学越来越变态了，比北野武还杜琪峰。
https://movie.douban.com/subject/1937946/,220,穿越时空的少女,2006,日本,剧情 爱情 科幻 动画,8.6,309821,爱上未来的你。 
https://movie.douban.com/subject/1428175/,221,血钻,2006,美国 德国,剧情 惊悚 冒险,8.7,275780,每个美丽事物背后都是滴血的现实。
https://movie.douban.com/subject/3592854/,222,疯狂的麦克斯4：狂暴之路,2015,澳大利亚 南非,动作 科幻 冒险,8.6,396049,“多么美好的一天！”轰轰轰砰咚，啪哒哒哒轰隆隆，磅~
https://movie.douban.com/subject/5300054/,223,波西米亚狂想曲,2018,英国 美国,剧情 传记 同性 音乐,8.7,441019,
https://movie.douban.com/subject/1305690/,224,阿飞正传,1990,中国香港,犯罪 剧情 爱情,8.5,381095,王家卫是一种风格，张国荣是一个代表。
https://movie.douban.com/subject/26614893/,225,完美陌生人,2016,意大利,剧情 喜剧,8.5,424962,来啊，互相伤害啊！
https://movie.douban.com/subject/1308767/,226,谍影重重2,2004,美国 德国,动作 悬疑 惊悚,8.7,276038,谁说王家卫镜头很晃？
https://movie.douban.com/subject/2222996/,227,步履不停,2008,日本,剧情 家庭,8.8,198717,日本的家庭电影已经是世界巅峰了，步履不停是巅峰中的佳作。
https://movie.douban.com/subject/1760622/,228,香水,2006,德国 法国 西班牙 美国,剧情 犯罪 奇幻,8.5,441347,一个单凭体香达到高潮的男人。
https://movie.douban.com/subject/2363506/,229,地球上的星星,2007,印度,剧情 儿童 家庭,8.9,160260,天使保护事件始末。
https://movie.douban.com/subject/25807345/,230,彗星来的那一夜,2013,美国 英国,科幻 悬疑 惊悚,8.5,392422,小成本大魅力。
https://movie.douban.com/subject/1419936/,231,战争之王,2005,美国 法国,剧情 犯罪,8.7,274380,做一颗让别人需要你的棋子。
https://movie.douban.com/subject/1304102/,232,谍影重重,2002,美国 德国 捷克,动作 悬疑 惊悚,8.6,329648,哗啦啦啦啦，天在下雨，哗啦啦啦啦，云在哭泣……找自己。
https://movie.douban.com/subject/27010768/,233,寄生虫,2019,韩国,剧情 喜剧,8.7,1037611,
https://movie.douban.com/subject/2213597/,234,朗读者,2008,美国 德国,剧情 爱情,8.6,382496,当爱情跨越年龄的界限，它似乎能变得更久远一点，成为一种责任，一种水到渠成的相濡以沫。 
https://movie.douban.com/subject/1292528/,235,猜火车,1996,英国,剧情 犯罪,8.5,349655,不可猜的青春迷笛。 
https://movie.douban.com/subject/1291568/,236,东京物语,1953,日本,剧情 家庭,9.2,99167,东京那么大，如果有一天走失了，恐怕一辈子不能再相见。
https://movie.douban.com/subject/2297265/,237,浪潮,2008,德国,剧情 惊悚,8.7,213923,世界离独裁只有五天。
https://movie.douban.com/subject/6874403/,238,再次出发之纽约遇见你,2013,美国,喜剧 爱情 音乐,8.6,325631,爱我就给我看你的播放列表。
https://movie.douban.com/subject/25921812/,239,驴得水,2016,中国大陆,剧情 喜剧,8.3,708249,过去的如果就让它过去了，未来只会越来越糟！
https://movie.douban.com/subject/1300117/,240,千钧一发,1997,美国,剧情 科幻 惊悚,8.8,193875,一部能引人思考的科幻励志片。
https://movie.douban.com/subject/26393561/,241,小萝莉的猴神大叔,2015,印度,剧情 喜剧 动作,8.4,382514,宝莱坞的萝莉与大叔。
https://movie.douban.com/subject/25954475/,242,聚焦,2015,美国,剧情 传记,8.8,220589,新闻人的理性求真。
https://movie.douban.com/subject/1397546/,243,追随,1998,英国,犯罪 悬疑 惊悚,8.9,142358,诺兰的牛逼来源于内心散发出的恐惧。
https://movie.douban.com/subject/1304141/,244,黑客帝国2：重装上阵,2003,美国 澳大利亚,动作 科幻,8.6,281900,一个精彩的世界观正在缓缓建立。
https://movie.douban.com/subject/5908478/,245,我爱你,2011,韩国,剧情 爱情,9.0,119694,你要相信，这世上真的有爱存在，不管在什么年纪 
https://movie.douban.com/subject/1291824/,246,黑鹰坠落,2001,美国,动作 历史 战争,8.7,226018,还原真实而残酷的战争。
https://movie.douban.com/subject/5964718/,247,一次别离,2011,伊朗 法国,剧情 家庭,8.7,206664,只有有信仰的人才能说出事实真相。
https://movie.douban.com/subject/27615441/,248,网络谜踪,2018,美国 俄罗斯,剧情 犯罪 悬疑 惊悚,8.6,404993,
https://movie.douban.com/subject/27191492/,249,四个春天,2017,中国大陆,纪录片 家庭,8.9,127846,来也匆匆去也匆匆，就这样风雨兼程。
https://movie.douban.com/subject/1292233/,250,发条橙,1971,英国 美国,犯罪 剧情 科幻,8.6,295374,我完全康复了。
